{
    "Name":  "PRS - Reader Role",
    "IsCustom":  true,
    "Description":  "Lets you read all but no access to data on SQL and limited Keyvault access,",
    "Actions":  [
                    "Microsoft.Storage/*/Read",
                    "Microsoft.Storage/storageAccounts/listKeys/action",
                    "Microsoft.ClassicStorage/*/Read",
                    "Microsoft.Authorization/*/Read",
                    "Microsoft.Insights/alertRules/Read",
                    "Microsoft.ResourceHealth/*/Read",
                    "Microsoft.KeyVault/vaults/Read",
                    "Microsoft.KeyVault/vaults/secrets/Read",
                    "Microsoft.Sql/*/Read",
                    "Microsoft.Compute/*/Read",
                    "Microsoft.Network/*/Read",
                    "Microsoft.RecoveryServices/*/Read",
                    "Microsoft.Security/*/Read",
                    "Microsoft.Logic/*/Read",
                    "Microsoft.Web/*/Read",
                    "Microsoft.Authorization/*/Read",
                    "Microsoft.Cache/*/Read",
                    "Microsoft.ApiManagement/*/Read",
                    "Microsoft.Insights/*/Read",
                    "Microsoft.Cdn/*/Read",
                    "Microsoft.Automation/*/Read",
                    "Microsoft.DocumentDB/*/Read",
                    "Microsoft.AzureActiveDirectory/*/Read",
                    "Microsoft.AAD/*/Read",
                    "Microsoft.ManagedIdentity/*/Read",
                    "Microsoft.Management/*/Read",
                    "Microsoft.Marketplace/*/Read",
                    "Microsoft.MarketplaceApps/*/Read",
                    "Microsoft.MarketplaceOrdering/*/Read",
                    "Microsoft.OperationalInsights/*/Read",
                    "Microsoft.OperationsManagement/*/Read",
                    "Microsoft.PolicyInsights/*/Read",
                    "Microsoft.Portal/*/Read",
                    "Microsoft.PowerBIDedicated/*/Read",
                    "Microsoft.Scheduler/*/Read",
                    "Microsoft.Resources/*/Read",
                    "Microsoft.Advisor/*/Read",
                    "Microsoft.Capacity/*/Read",
                    "Microsoft.AnalysisServices/*/Read",
                    "Microsoft.LogAnalytics/*/Read",
                    "Microsoft.CustomerInsights/*/Read",
                    "Microsoft.AlertsManagement/*/Read",
                    "Microsoft.Consumption/*/Read",
                    "Microsoft.Subscription/*/Read",
                    "Microsoft.Support/*"
                ],
    "NotActions":  [
                    "Microsoft.Sql/servers/databases/auditingPolicies/*",
                    "Microsoft.Sql/servers/databases/auditingSettings/*",
                    "Microsoft.Sql/servers/databases/auditRecords/read",
                    "Microsoft.Sql/servers/databases/connectionPolicies/*",
                    "Microsoft.Sql/servers/databases/dataMaskingPolicies/*",
                    "Microsoft.Sql/servers/databases/extendedAuditingSettings/*",
                    "Microsoft.Sql/servers/databases/schemas/tables/columns/sensitivityLabels/*",
                    "Microsoft.Sql/servers/databases/securityAlertPolicies/*",
                    "Microsoft.Sql/servers/databases/securityMetrics/*",
                    "Microsoft.Sql/servers/databases/sensitivityLabels/*",
                    "Microsoft.Sql/servers/databases/vulnerabilityAssessments/*",
                    "Microsoft.Sql/servers/databases/vulnerabilityAssessmentScans/*",
                    "Microsoft.Sql/servers/databases/vulnerabilityAssessmentSettings/*",
                    "Microsoft.KeyVault/locations/deletedVaults/purge/action",
                    "Microsoft.KeyVault/hsmPools/*",
                    "Microsoft.OperationalInsights/workspaces/sharedKeys/read",
                    "Microsoft.ApiManagement/service/users/keys/read"
                   ],
    "DataActions":  [
                    "Microsoft.Compute/virtualMachines/login/Action",
                    "Microsoft.Compute/virtualMachines/loginAsAdmin/Action"
                    ],
    "NotDataActions":  [
            
                    ],
    "AssignableScopes":  [
                    "/subscriptions/f3692419-df7f-427d-87b3-d3c003784d75"
                         ]
}